{
  "@context": "https://schema.org/",
  "@type": "Organization",
  "name": "Shortcake Crochet",
  "description": "Solo young entrepreneur trying to become successful through her passion of crocheting",
  "url": "https://shortcakecrochet.netlify.app/",
  "logo": "https://shortcakecrochet.netlify.app/image/Logo.png",
  "Authors": [
    {
      "@type": "Person",
      "name": "Yusuf Alexander"
    },
    {
      "@type": "Person",
      "name": "Ethan Carr"
    },
    {
      "@type": "Person",
      "name": "Insaaf Behardien"
    }
  ],
  "contactPoint": {
    "@type": "ContactPoint",
    "telephone": "+27 065 153 4147",
    "contactType": "Customer Service",
    "availableLanguage": ["English"]
  },
  "address": {
    "@type": "PostalAddress",
    "addressLocality": "Muizenberg",
    "addressRegion": "Western Cape",
    "postalCode": "7945",
    "addressCountry": "South Africa"
  },
  "openingHoursSpecification": {
    "@type": "OpeningHoursSpecification",
    "dayOfWeek": [
      "Monday",
      "Tuesday",
      "Wednesday",
      "Thursday",
      "Friday",
      "Saturday",
      "Sunday"
    ],
    "opens": "08:00",
    "closes": "19:00"
  },
  "department": [
    {
      "@type": "Product",
      "name": "Crochet Bandanas",
      "description": "Handcrafted crochet bandanas for all ages and sizes."
    },
    {
      "@type": "Product",
      "name": "Custom Crochet Caps",
      "description": "Customized crochet caps available in various designs and colors."
    },
    {
      "@type": "Product",
      "name": "Caps",
      "description": "caps available in various designs and colors."
    },
    {
      "@type": "Product",
      "name": "Scrunchies",
      "description": "Scrunchies to tie hair available in various designs and colors."
    }
  ]
}